title_en,タイトル,公開日時,リンク
年末年始は大反騰、安値買い絶好機・生成AI関連「リベンジ5銘柄」 ＜株探トップ特集＞ | 特集 - 株探ニュース - かぶたん,年末年始は大反騰、安値買い絶好機・生成AI関連「リベンジ5銘柄」 ＜株探トップ特集＞ | 特集 - 株探ニュース - かぶたん,"Sat, 13 Dec 2025 10:30:00 GMT",https://news.google.com/rss/articles/CBMiYEFVX3lxTE9kUm9MSmZlTHNCY01jNm0zS2VkQVYwNkV1UlVFeERlSTRQRGVuaWNGbmVyM1FGS1UyTk5QNHJDRWpUaGJGUS0tMFFlZE1jbEdsLVA0YVVTTkwwMFhGU3VPMA?oc=5
NY株式市場 ダウ下落 ナスダック大幅下落 AI関連に売り優勢 - NHKニュース,NY株式市場 ダウ下落 ナスダック大幅下落 AI関連に売り優勢 - NHKニュース,"Fri, 12 Dec 2025 22:59:10 GMT",https://news.google.com/rss/articles/CBMiX0FVX3lxTE1MUGxjMTQ0b0MyNVN1elU1c3VJSTZMeU8zVmZVaEFFSjNEb1RmZ0RCZFBoSmVXWW5Ba0p5eHpXbi1TczRSN1lrSEZpSUlVWDBXWkRJMm41MzF2MHhTb2lB?oc=5
「フィジカルAI」はAI相場の新たな柱となるか？（土信田雅之） - トウシル,「フィジカルAI」はAI相場の新たな柱となるか？（土信田雅之） - トウシル,"Thu, 11 Dec 2025 23:00:00 GMT",https://news.google.com/rss/articles/CBMiWkFVX3lxTFBxMC1VTDg3LUNEU3dJcWpSd2ZaS01WTmpKSzJadlotcHVIcjFxX19uSnQ3eXRNcFQ0UXBfT3BZYnlsV1dVZDlwMTFKQ2pzaEg4TGZXVFZjR19zUQ?oc=5
米国のAI投資、ITバブル再来は本当か データで検証 - 日本経済新聞,米国のAI投資、ITバブル再来は本当か データで検証 - 日本経済新聞,"Fri, 12 Dec 2025 20:00:56 GMT",https://news.google.com/rss/articles/CBMibEFVX3lxTE5laXlHd1dvRDdsTmdsUDA0aEF2aXJydkszSVE0UmJrS1BycTVBZGpxQk9YNTVmMTBNZ1F3Z01EVHUwalRyWl9JLTR4U3VkVHlpZzVKUzFzdTJJY2pybXhHRmNFSEFlbmFiTXpScQ?oc=5
【特集】 生成AIを使ったら儲かった4つの攻め技 - かぶたん,【特集】 生成AIを使ったら儲かった4つの攻め技 - かぶたん,"Fri, 12 Dec 2025 01:30:00 GMT",https://news.google.com/rss/articles/CBMiYEFVX3lxTFA4VEFIenRPU2VsMzJJdDZjRGtSM2I3WDhWdGFWSFBBTEpiMFJsdDhWcW5OdDlWcVV2cEdBcTU3bWY3aTVLWVpIeUMwYkZfTDFjcktDN0hkWDZxOHNidnhKNQ?oc=5
電機業界投資に意欲 数千億円規模も、AIで需要増 米ブラックストーン（時事通信） - Yahoo!ニュース,電機業界投資に意欲 数千億円規模も、AIで需要増 米ブラックストーン（時事通信） - Yahoo!ニュース,"Sat, 13 Dec 2025 22:16:00 GMT",https://news.google.com/rss/articles/CBMif0FVX3lxTE9iRlFGckdmaFBxZFdzRzNySWVCcnlHRXE4dDFXU3otRnBYaHJDSll3U3VwWlRseEhVRDJ6ZmZRaGRCMDFacklRVFkxLVVrUTN4TXUzb2RTWGtZWnJTWFJfby1tc3ZTLWJkWktvNVkyeGRveXZiN3k0ODE4bHA2bjA?oc=5
「もうAIを使うな！」生成AIを規制して利益を200％アップさせた社長に賞賛の嵐なぜ（横山信弘） - エキスパート - Yahoo!ニュース,「もうAIを使うな！」生成AIを規制して利益を200％アップさせた社長に賞賛の嵐なぜ（横山信弘） - エキスパート - Yahoo!ニュース,"Fri, 12 Dec 2025 21:30:59 GMT",https://news.google.com/rss/articles/CBMiiAFBVV95cUxQYjZXMHNwZm52TG9OaExSd0tiWXd6allPQi1ucjZKM3RsLXI0QWI2YmRTYzVURnFoOUc5VUtHVlRJbF9LTzh2M3IxdnJNQnJKMGIxelpINXVCUDM2UDUwbVZSX1VQT3BxN3I1azNKN2dBNU5pRkhuNE9IRXViMFlweTh3M0lXanhy?oc=5
"生成AIに「脅威」を感じた1,000億円企業社長…BCG流「思考法」で導き出した決断は - ビジネス+IT","生成AIに「脅威」を感じた1,000億円企業社長…BCG流「思考法」で導き出した決断は - ビジネス+IT","Wed, 10 Dec 2025 21:10:00 GMT",https://news.google.com/rss/articles/CBMiU0FVX3lxTE5IU1lqeWZEaEZ4UnFWVGthWHNGV0RNaWVsWVdSX2VPVk96cEhRRFNMTXU4MXkzdFhvRFVoc09rS08yUllrdnI3ZkhHRFZFVFN1SlpF?oc=5
｢効果出てるのは5％？｣生成AIで稼ぐ3大ヒント（東洋経済オンライン） - ｄメニューニュース,｢効果出てるのは5％？｣生成AIで稼ぐ3大ヒント（東洋経済オンライン） - ｄメニューニュース,"Sat, 13 Dec 2025 01:15:00 GMT",https://news.google.com/rss/articles/CBMigwFBVV95cUxPaFVwLU5xODVaN2xVMDBIM3FXYm9uRmcyaVdCQzh4djFTdmlONEVvUjZiNzJyUUFCbU55bjhKNU8xd19zOGhFenl0ZGFScFczejN4Q0VwTlI3emloTjNlRFkzaFVkYlZKX0lEM0hSZ05rUE1lZGJhTlR6Uzc2a2dUelpGRQ?oc=5
オープンＡＩ、新モデル「ＧＰＴ─５．２」発表 グーグルに対抗 - Reuters,オープンＡＩ、新モデル「ＧＰＴ─５．２」発表 グーグルに対抗 - Reuters,"Fri, 12 Dec 2025 01:13:00 GMT",https://news.google.com/rss/articles/CBMijAFBVV95cUxNRkR0bERyZ2FfdkJoZ2dVa1VjVmZYT3hLbmltQ1NJSVdHM3R0NkFBcUpySF9mSXlhYXk5aVR6TVVpRVdUcWc1OC1fTXFfRjUySWZzaW9EejRaa3dCZFJLMnY4U3FjUEhVOXY0aFVqbjQ3WUNKQWVWLXQzbEJBTVZPTDJGWjFLdzBNTFNlZg?oc=5
