会議名,発言者,発言内容,発言日,発言URL
外務委員会,茂木敏充,"○茂木国務大臣　おはようございます。外務大臣の茂木敏充です。
　外務委員会の開催に当たり、國場委員長を始め、理事、委員各位に御挨拶申し上げるとともに、外交政策についての所信を申し述べます。
　国際社会及び我が国を取り巻く安全保障環境の変化が様々な分野で加速度的に進んでいます。ロシアによるウクライナ侵略や不安定な中東情勢、我が国周辺における中国の外交姿勢や軍事動向、北朝鮮による核・ミサイル開発に加え、ロ朝軍事協力といった懸念すべき動きも出てきています。
　このような厳しい国際情勢の中、日本への期待が高まっています。外務大臣として、様々な分野で国際社会から期待される日本の役割と責任を果たしていくことで、国益を守り、国際社会でより存在感を高める、力強く、視野の広い外交を展開してまいります。
　日米同盟は、我が国の外交、安全保障政策の基軸であり、インド太平洋地域の平和と繁栄の礎です。先月行われた日米首脳会談の成果等も踏まえ、日米同盟の抑止力、対処力を一層強化してまいります。
　同時に、関税に関する日米間の合意の着実な実施を通じて、日米双方の成長と経済安全保障の強化を実現してまいります。重層的な人的交流も拡充してまいります。
　また、普天間飛行場の一日も早い全面返還を目指して辺野古移設を進めるなど、沖縄を始めとした地元の負担の軽減と米軍の安定的駐留に取り組んでまいります。
　私自身、就任後速やかにルビオ国務長官と会談し、日米同盟の更なる強化に向けて、緊密に連携していくことを確認しました。
　自由で開かれたインド太平洋、ＦＯＩＰを日本外交の柱として、時代の変化に合わせて進化させてまいります。そして、その実現に向け、Ｇ７、ＡＳＥＡＮ、豪州、インド、ＥＵ、ＮＡＴＯなどとの協力関係を更に強化し、日米韓、日米豪、日米比及び日米豪印を始め、実践的かつ多面的な協力を広げてまいります。
　国際社会及び日本を取り巻く安全保障が一段と厳しさを増す中、国家安全保障戦略の下、防衛装備移転、政府安全保障能力強化支援、ＯＳＡや、サイバー安全保障の推進に取り組んでまいります。
　国際社会における法の支配を推進するとともに、テロやサイバー犯罪を含む国際組織犯罪分野での協力にも取り組んでまいります。
　偽情報の拡散始め国際的な情報戦に対処するため、情報収集、分析力及び情報セキュリティー基盤を強化し、戦略的発信を一層進めてまいります。同時に、人的交流を含む文化外交の抜本的強化に取り組んでまいります。
　近隣諸国とは、難しい問題、課題に正面から対応しつつ、安定的な関係を築いてまいります。
　中国との間には、尖閣諸島情勢を含む東シナ海や南シナ海における力又は威圧による一方的な現状変更の試みや、我が国周辺での一連の軍事活動を含め、数多くの懸案や課題が存在しています。台湾海峡の平和と安定も重要です。
　中国との間では、これまで首脳間で確認してきた戦略的互恵関係の包括的推進と建設的かつ安定的な関係の構築という大きな方向性の下、意思疎通を一層強化してまいります。双方の努力によって、懸案と課題を減らし、理解と協力を増やしていきたいと考えております。もちろん、主張すべきは主張し、責任ある対応を求めていきます。
　韓国は、国際社会の様々な課題にパートナーとして協力すべき重要な隣国です。日韓間には、隣国であるがゆえに難しい問題もありますが、日韓関係を未来志向で安定的に発展させていくために、韓国側と引き続き緊密に意思疎通してまいります。
　竹島については、歴史的事実に照らしても、かつ国際法上も日本固有の領土であるとの基本的な立場に基づき、毅然と対応してまいります。
　日中韓の協力も、大局的な視点から、地域のみならず世界の平和と繁栄にとって重要であり、日中韓サミットの議長国として取組を着実に進めてまいります。
　北朝鮮による核・ミサイル開発は断じて容認できません。また、ロ朝軍事協力は、ウクライナ情勢のみならず、我が国周辺地域の安全保障に与える影響の観点からも、深刻に懸念すべき動向です。米国、韓国を始めとする国際社会とも協力しながら、関連する国連安保理決議の完全な履行に向けた取組を進め、北朝鮮の核・弾道ミサイル計画の完全な廃棄を求めてまいります。
　北朝鮮との間では、日朝平壌宣言に基づき、拉致、核、ミサイルといった諸懸案を包括的に解決し、不幸な過去を清算して、国交正常化を実現するとの方針に変わりはありません。
　中でも、拉致被害者やその御家族も御高齢となる中で、全ての拉致被害者の一日も早い御帰国は最重要の課題であり、あらゆる手段を尽くして全力で取り組んでまいります。
　日ロ関係は厳しい状況にありますが、領土問題を解決し、平和条約を締結することが日本政府の方針です。日ロ両国の間には隣国として解決しなければならない懸案事項が山積しており、適切に意思疎通をしていく必要があります。北方四島交流訪問事業の再開については、元島民の皆様の切実な思いを踏まえ、特に北方墓参に重点を置いて事業の再開を粘り強く求めてまいります。
　日本の経済力強化のため、日本が優位性を持つ技術や日本企業の海外展開を外交面で後押しし、新規市場やイノベーションの創出に貢献してまいります。
　ルールに基づく自由で公正な国際経済秩序の維持強化も重要です。ＣＰＴＰＰの高い水準の維持や締約国の拡大、ＷＴＯ改革の推進、安全、安心で信頼できるＡＩエコシステムの構築に取り組んでまいります。エネルギー、食料の安定的な確保に加え、重要鉱物を含むサプライチェーンの強靱化や経済的威圧への対応、重要・新興技術の保全、開発促進など、一層重要性を増す経済安全保障の課題にも全力で取り組んでまいります。
　二〇二七年国際園芸博覧会の成功に向けた取組も進めてまいります。
　ロシアによるウクライナ侵略は、国際秩序の根幹を揺るがす暴挙です。各国の外交努力が、国際社会の結束の下、長年にわたる戦闘の終結と一日も早い公正かつ永続的な平和の実現につながることが重要です。我が国としても、Ｇ７と連携し、今後もウクライナ支援と対ロ制裁を継続してまいります。
　中東情勢は、引き続き予断を許しません。ガザについては、我が国として、二十項目の包括的計画の前進、速やかな人道支援の実施、早期復旧復興を通じ、二国家解決の実現に向けて積極的な役割を果たしてまいります。
　我が国としては、イランによる核兵器の取得は決して許されないとの立場であり、対話を通じた解決に向け、必要な外交努力を引き続き行ってまいります。
　国際社会で発信力を強めるグローバルサウスの国々との連携は不可欠です。ＯＤＡやＯＳＡも活用し、相手国のニーズも踏まえたきめ細やかな外交を進め、ＯＤＡを呼び水とした民間資金動員も促進してまいります。特に、アフリカとは、第九回アフリカ開発会議、ＴＩＣＡＤ９の成果も踏まえ、更なる関係強化を図ります。
　国連は、今年創設八十周年です。世界が抱える諸課題を解決するため、安保理改革を含む国連改革、機能強化や、日本らしい人権外交を推進してまいります。
　また、ＮＰＴ体制を維持強化し、核兵器のない世界に向けた現実的で実践的な取組を進めてまいります。
　気候変動、国際保健、自然災害といった地球規模課題については、人間の安全保障の理念の下、ＳＤＧｓの達成に向けた取組を推進し、二〇三〇年以降を見据えた国際的な議論を主導してまいります。
　これらの外交努力で一層の成果を上げるため、外交・領事実施体制の抜本的強化に取り組みます。特に、緊急事態への対応や邦人保護、情報保全等に万全を期すため、本省及び在外公館の体制整備、強靱化を推進してまいります。また、外国人との秩序ある共生社会の実現に向けた取組も関係省庁と協力し、進めてまいります。
　以上、我が国が直面する諸課題及び取組について所信を申し述べました。
　議員各位、そして国民の皆様の御理解と御協力を心よりお願い申し上げます。（拍手）",,https://kokkai.ndl.go.jp/txt/121903968X00120251126/8
経済産業委員会,小森卓郎,"○小森大臣政務官　危機管理投資でございますけれども、重要な戦略分野であるＡＩ、半導体などを中心に、大胆な設備投資や研究開発の促進などを通じて官民の積極的な投資を引き出していくものでございます。
　こうした分野における民間の投資は、思い切った内容であればあるほど投資決定に向けてのハードルが高まるところでございますので、御指摘のとおり、企業の投資の予見可能性をいかに向上させるかといったことがポイントでございます。
　こうしたことから、複数年度にわたる予算措置のコミットメントとして、既にございますＡＩ、半導体分野のようなフレームを他の戦略分野に広げていくこと、そしてまた大胆な税制など、政策のベストミックスを見つけてまいりたいと思っております。",,https://kokkai.ndl.go.jp/txt/121904080X00220251121/13
経済産業委員会,赤澤亮正,"○赤澤国務大臣　委員と、問題意識といいますか、認識を完全に共有をいたします。
　石破政権の下で、七月二十二日に成立をし、九月四日に関連する大統領令あるいは共同声明などが出された日米間の合意においては、日米両国の経済を更に力強く成長させることを確認し、また、重要鉱物、レアアース、ＡＩを始めとした重要技術、造船など、幅広い分野での協力を更に強化していくことで一致をいたしました。
　同日、九月四日に取り交わした戦略投資イニシアチブの了解覚書を着実に実行することで、日米両国で経済安全保障上重要な分野におけるサプライチェーンを構築できること、また、世界最大の経済圏である米国市場において、成長性、経済性が見込まれるプロジェクトへの日本企業の参画による収益が確保されることが期待をされます。
　議員御指摘の点については、改めて申し上げるまでもなく、日本の中小企業、小規模事業者は、雇用の七割、付加価値の五割を占める日本経済の屋台骨でございます。特に、売上高百億以上の企業の四割が海外展開に取り組んでおり、こうした企業は、地域の投資と賃上げを牽引し、技術革新や海外市場開拓等を通じて日本の競争力を高める極めて重要な存在です。
　中小企業、小規模事業者の皆様が、今般の合意に基づく幅広い分野での経済協力やサプライチェーンの構築に様々な形で関与し、その活躍の機会を広げ、我が国全体の経済成長の促進につながっていくように、全力で努めてまいりたいというふうに考えております。",,https://kokkai.ndl.go.jp/txt/121904080X00220251121/17
経済産業委員会,赤澤亮正,"○赤澤国務大臣　御通告いただいた二問をちょっとまとめてお尋ねいただいたようでございますので、回答をかいつまんでお話をさせていただきたいと思います。
　まず、先ほど委員、六十兆円とおっしゃいましたが、五千五百億ドルで、数字は八十兆円と言われておる投資になりますが、これについては、やはりトランプ大統領やラトニック商務長官が米国内向けにテレビでかなり気ままな御発言をされるところがあって、国内でかなり不安を生じたり、御懸念あるいはたまにはお怒りも生じたり、不平等条約みたいな御指摘もあるんですが、実際、大統領来日時に高市総理と大統領で署名をいただいた文書によれば、内閣官房のホームページにアップしてあるＭＯＵに基づいてあの投資をやっていくということがはっきり確認をされたわけであります。
　その中で、ちょっと幾つか申し上げれば、一つは、法律に従うということが書いてあるので、ＪＢＩＣ法やＮＥＸＩ法に書いてある収支相償、大赤字の出るプロジェクトは手を出しちゃ駄目よとか、日本に利益のないものは手を出しちゃ駄目よということがはっきり法令上書いてあるので、そういう意味では、何か日本側がリスクを負うようなことにはならない。少なくとも元本、金利あるいは保証料をしっかり回収ができる、そういう前提に立っているということがございます。
　また、米国側も非常にこのプロジェクト、乗り気なので、連邦政府が土地や水、電力、エネルギー、全部提供するし、製品も、半導体など全部買い取る、オフテイクを買い取ると言っています。規制プロセスの迅速化もする。必要があれば、これについて、アメリカに来る日本国民にはビザを商務省が出すといったようなことも言っています。
　とにかく徹底的にいろいろな貢献を米側がしてくれるので、その大きさを踏まえて、少なくともＪＢＩＣ、ＮＥＸＩが元本、金利、保証料を確保した上は、米国の貢献の大きさを踏まえて、九対一というような利益配分もあり得るという考え方を取っています。
　その上で、御関心のある企業があるということを委員にも御指摘いただきました。実際には、例えば原発であれば、そのプロジェクトに必要な設備や機器、ＡＩであればＡＩインフラですね、そういうものを日本企業が提供する。ラトニック商務長官といろいろな企業が協定を結んで今後検討ということになっていますが、最大六十兆円ぐらいの売上げが立つ可能性もあるということで、日本企業も関心を示してくれています。
　そういったことも全部踏まえて、しっかり、この日米戦略投資イニシアチブが、早期の案件組成に取り組んで、合意の誠実かつ速やかな実施、あるいは日米の同盟の連携の強化につながっていけばいいと思っています。
　また、これも非常に簡潔に申し上げますが、米国国内でも、これはもう対米直接投資額、二〇二四年、八百六十兆円というような規模の経済でありまして、我々が八十兆円と言われる投資をした、これを今後複数年度にわたって大統領の任期中にやっていくということなので、御懸念の人件費の高騰とかインフレの加速、およそおそれがないとは申し上げませんが、それはリーズナブルな範囲にきちっと収まっていくものだと考えておりますし、資金の投資についても、これはドルの調達の仕方も十分工夫をしておりますので、何かしら為替に影響が出たりというようなこともないようにやっていきたいと思っております。
　その他、改めて御懸念があれば、また私の方でお答えできる範囲で真摯にお答えしたいと思います。",,https://kokkai.ndl.go.jp/txt/121904080X00220251121/43
経済産業委員会,赤澤亮正,"○赤澤国務大臣　我が国の電力需要は、長期的なトレンドで見れば、一九六〇年代から経済成長等に伴って継続的に増加した後、二〇〇七年をピークに人口減少や省エネの進展などに伴い減少に転じております。
　一方で、今後は、ＤＸやＧＸの進展、端的に言えばＡＩの劇的な普及によって、再び需要が増加に転じる見通しとなっており、これまでのトレンドが逆に反転をするということで、非常に大きなフェーズの変化が出てくると思います。
　今後、需要が継続的に増加する見通しの中で、安定供給と脱炭素を同時に達成しなければなりません。エネルギー政策上、電力需要が増加に転じる影響は決して小さくないと受け止めておりまして、その需要の増加に対応した十分な脱炭素電源の確保が国力を左右すると認識をしております。国として万全の対応を図ってまいりたいと思います。",,https://kokkai.ndl.go.jp/txt/121904080X00220251121/87
経済産業委員会,山崎誠,"○山崎（誠）委員　私の想定したとおりの答弁をしていただいたので、ありがとうございます。
　資料の二を見てください。これは、今後十年の電力需要の想定ということで、政府からいただきました、経産省からいただいた資料であります。
　見ていただくと、グラフがあります。ちょっと私、手を加えちゃって、肝腎なところが見えなくなってしまったんですが、二〇一三年からスタートしていて、一番下のところが七千六百億キロワットアワーからスタートしているグラフであります。分かりますでしょうか。一番下のところが七千六百です。上が八千八百億キロワットアワーというグラフ。これを見ると、二〇二四年、二五年、これからぐっと電力需要が増加をするぞ、これは、ＡＩ、データセンター、半導体、そうした需要が増えるからだと御説明されるわけです。見てください。でも、二〇三四年を見ると、もう平らになっていますよね。もちろん、大臣のおっしゃるとおり、いろいろな需要は増えてくるのかもしれない。でも、これは政府が今持っている数字であります。これを、私はおかしいなと、経産省はよくこういうことをやるんですよ。
　隣にちっちゃいグラフを描いたのが見えますか。これはゼロからグラフを描き直しています。七千六百からではなくて、スタート、ゼロから一兆キロワットアワーということで、置き直してみると、グラフを見てください、これが大きな変動ですか。このオレンジ色のグラフを見ていただくと、八千から九千の間で動いているのは見えると思いますけれども、決してこれが慌てて次の対応を取らなきゃいけないような大きな変動だと言えるのかどうかですよ。小さくはないでしょう、それは。小さくはないでしょうけれども、エネルギー政策を大転換しなきゃいけないような、私に言わせれば、原発回帰にかじを切るほどのインパクトはこのグラフから見えないですよ。
　データセンターやＡＩの需要というのは、地域別にいろいろなばらつきがあります。例えば北海道だと一・六倍ぐらいになるんです。元々電力消費が小さいところでデータセンターが建てば電力需要は伸びますよ。これに対応するのはどうするかという議論は今喫緊で必要だと思います。火力発電をどういうふうに生かすのか、原発再稼働も含めて、あるのかもしれません。でも、そういう対応で、全体のエネルギーの需要を見れば、部分的な対応は必要でも、大きなエネルギー政策の変更が必要な状態には今ないです。
　もう一つつけ加えますけれども、では、二〇四〇年、予測は出ていないです。二〇五〇年、予測のデータはいただけません。それでどうして、大臣、今、エネルギーの、電力の危機的な状況だと言えるんですか。",,https://kokkai.ndl.go.jp/txt/121904080X00220251121/88
経済産業委員会,赤澤亮正,"○赤澤国務大臣　私は危機的な状況という物の言い方をしたかどうかについては正直記憶がございませんが、電力について言えば、東日本大震災のとき、電力不足に実際陥ったとき、どれだけ国民が苦労されたか。現在、再稼働がなかなか進まない中で、電気代が上がってどれだけ国民が苦労されているか。更に申し上げれば、私は防災がライフワークですけれども、災害が起きたときに電力、通信いずれかが落ちたら、本当に自衛隊の指揮命令系統まで潰れる可能性があります。
　そういう意味で、電力制約からいかなる意味でも国の経済や国民生活を解放しておくということは国家の最重要課題の一つであって、それについても安全度をしっかり見ていかないといけなくて、まさに委員がおっしゃったように、今後、ＡＩやデータセンターの電力需要で増えるかもしれません。それは、増えたときの対応を増えてからできるわけじゃないので、その辺、やはり私は今日の委員のお話を聞いていて危機意識がちょっと違うんじゃないかというのが正直なところでございます。",,https://kokkai.ndl.go.jp/txt/121904080X00220251121/89
経済産業委員会,赤澤亮正,"○赤澤国務大臣　それは、ある意味で、これは外交交渉ですので、お互いにこれでいいのだと思って納得をしているわけで、米側はこの九対一ということについて非常に評価をしてくれたわけです。
　一方で、この特別目的事業体、ＳＰＶにどれだけのお金が入るかというのは、先ほど申し上げたように、例えば、出資に当たる真水の部分というのがどれぐらい入ってくるのか、それにもよるところがあります。利益の大きさが、これは素直に何か大統領やラトニック商務長官がテレビとかでおっしゃっていることをそのまま真に受けると、八十兆円がここに入って、大変な巨額について何か出てきた利益が九、一ですけれども、ただ、実際、融資、融資保証の関係のものは全部、普通の融資として元本とかそういうものを回収して終わりますし、出資についてどれぐらいのあれが残るか、その出資の割合が幾らぐらいか、一桁兆なのかもしれませんし、そういう意味からいうと、ここの金額がそれほど大きなものになるかというのは、これはプロジェクトをやってみないと分かりませんが。
　その上で申し上げておきたいのは、ポイントは、右側にある日本企業の参画のところで、この部分は、もう端的に言うと、例えば原発を造るのであれば、何十基と造るみたいなことを米側は考えているようですけれども、日本のメーカーがそのプラントを入れるとか、あるいは、ＡＩ関係の工場ができるなら半導体製造装置や、あるいはパワーモジュールとかケーブルとか、いろいろなもの、ＡＩインフラと言われるものが日本から売上げが立っていくわけでありまして、実際、ラトニック商務長官が来られたときに、関心のある日本企業が集まってファクトシートを作った事業規模の総額は機械的に合計すると最大四千億ドル、六十兆円みたいな売上げが立ってくるみたいなことも記事になっていたわけであります。
　そういう意味で、いろいろな意味で、全体が日米双方の利益になる形で動いていきますが、このＳＰＶの部分がどれだけの大きさになるかというのは今の時点で定まっておりませんけれども、その部分については事業が続く限りあるんだな、おっしゃるとおりでありますが、だからといって、何か、日本側が必ずしも得るものが少ないとか、それに限られる部分ではありませんで、日本企業は、各プロジェクトにまさに営業をかけ、物を売り、売上げが立ってくるという点が大きいというふうに考えています。",,https://kokkai.ndl.go.jp/txt/121904080X00220251121/123
経済産業委員会,今井雅人,"○今井委員　ありがとうございました。
　実際に、プロジェクトがいろいろ始まったらまたチェックをしてまいりたいと思います。
　ちょっと時間がありませんので、いろいろ質問があったんですけれども、最後に一問だけ、データセンターのことだけお伺いします。
　これからＡＩを推進していくに当たって、データセンターというのは本当に必要になってくるんですが、当然、電力を確保しなきゃいけないし、いろいろなことをやらなきゃいけないんですけれども、ＧＸ戦略地域というのをこれからつくられると思うんですが、その辺の詳細とかについてちょっと御説明をいただきたいと思います。",,https://kokkai.ndl.go.jp/txt/121904080X00220251121/128
経済産業委員会,赤澤亮正,"○赤澤国務大臣　高市内閣の成長戦略の肝は危機管理投資ということでございます。重要な戦略分野であるＡＩ、半導体、量子、バイオなどを中心に、大胆な設備投資や研究開発の促進などを通じて、官民の積極的な投資を引き出し、強い経済を実現していきたいと考えております。
　こうした投資を引き出す上で、世界共通の課題という需要に対し、その解決に資する製品やサービス、インフラを提供することで更なる成長につなげていくことを目指しております。
　このように、新たな需要に着目して、供給力を強化することで経済成長を目指していくという点が、これまでの成長戦略とは異なるというふうに考えております。
　その際には、複数年度にわたる予算措置のコミットメントといった、投資の予見可能性の向上につながる措置によって民間投資を後押ししていくなどの取組を通じて、日本経済の供給力を強化し、日本企業の稼ぐ力を高め、物価上昇を上回る賃上げにつなげ、強い経済を実現してまいりたいというふうに考えております。",,https://kokkai.ndl.go.jp/txt/121904080X00220251121/143
経済産業委員会,赤澤亮正,"○赤澤国務大臣　研究開発税制は、日本の経済成長の礎となる企業の研究開発投資の維持拡大を後押しするものでございます。政府としては、高市内閣の成長戦略の肝であります危機管理投資、成長投資の重要な戦略分野であるＡＩ、半導体、量子などを中心に、大胆な設備投資や研究開発の促進などを通じて官民の積極的な投資を引き出していくこととしており、研究開発税制は強い経済を実現する上でも重要な制度だというふうに考えております。
　研究開発税制の効果について、最新の統計データでは、令和五年度の企業の研究開発投資額は前年比で約一・一兆円増加をしておりまして、約十八・九兆円と過去二十年間で最高となっており、研究開発税制には企業の研究開発投資を押し上げる一定の効果があるというふうに考えております。
　令和八年度の税制改正要望でも、効果検証を行い、我が国が置かれた経済情勢等を踏まえ、高市内閣における危機管理投資、成長投資による強い経済の実現という方針に沿った形で、現行制度の延長とともに、国家として重要な技術領域の研究開発投資への重点化などを要望しております。
　委員御指摘の課題も検討しながら、我が国の競争力強化に向けて取り組んでまいりたいと思います。",,https://kokkai.ndl.go.jp/txt/121904080X00220251121/147
文部科学委員会,松本洋平,"○松本（洋）国務大臣　党の緊急提言でも触れられておりますけれども、デジタル化、生成ＡＩの飛躍的進化、また少子高齢化の加速化の中で、デジタル分野を始めとする理系の専門人材や地域の社会や経済を支えるエッセンシャルワーカーが大幅に不足をするということが見込まれているところであります。
　一方で、我が国の教育は、高校普通科で早期に文系、理系を選択し、文系の生徒が理数科目から離れてしまう状況にあること、国際的に見ても理工系の大学入学者割合が少ないこと、大学の入学定員が都市部の大学に集中しており、それらの大学では理系の比率が比較的低いことといった構造的な課題によりまして、人材需要を満たすことが難しくなってきているところであります。
　この構造を転換するためには、文理分断を乗り越えて、専攻にかかわらず理数的素養を身につけられる教育への質的改善、成長分野転換基金を活用した大学、高等専門学校における理工、デジタル系分野の人材育成の強化、人口減少下でも地域に不可欠となる人材を育成する方策を地域で協議、実行する仕組みの推進などにより、高校教育から大学教育までの構造改革に一気通貫で取り組むことが必要と考えております。
　先日の日本成長戦略本部におきまして、未来成長分野に挑戦する人材育成のための大学改革、高専等の職業教育充実に関して、総理から取りまとめ担当大臣に指名をされたところでもあります。
　実際に、ＰＩＳＡの結果なんかを見ましても、大変日本は義務教育修了段階では比較的高い理数リテラシーを持つ子供の割合が多いけれども、それが高等教育段階に入っていくと文系の方にシフトをしてしまっているというような結果も出ているところでもありまして、こうした実態というものもしっかりと認識をした上で、私の下に、議論、検討のためのタスクフォースを先日設置をさせていただきました。さきに述べた課題意識を持って、人材育成システム改革にしっかりと取り組んでまいりたいと存じます。",,https://kokkai.ndl.go.jp/txt/121905124X00220251121/5
文部科学委員会,阿部司,"○阿部（司）委員　御答弁ありがとうございました。
　柔軟な制度設計の重要性について御理解をいただけたものと承知をしております。引き続き、しっかり自治体の創意工夫を生かせる、実効性のある制度設計を目指してまいりたいと思います。
　次に、高校教育の在り方について質問いたします。
　先日の予算委員会におきまして、高市総理は、ＡＩ時代、グローバル競争の時代を勝ち抜いていくために、文理横断の教育が重要であると力強く述べられました。この点においては、我が党も全く同感であります。
　しかし、その理想とは裏腹に、教育の現場では、多くの高校生が高校一年生という早い段階で文系、理系の選択を迫られ、その後の学びや進路が固定化されてしまうという現実がございます。さらに、現在の高校教育は普通科への偏重が顕著であります。
　文科省の調査によりますと、全高校生の約七割が普通科在籍、専門的なスキルを身につける機会がないまま取りあえず大学へという安易な進路選択を助長している側面も否めないと思います。
　これからの日本を支える人材を育てていくためには、高校段階から文系、理系の壁を取り払う抜本的な改革を進めるとともに、社会で即戦力となるための職業教育を強化していくことが重要だと思いますけれども、大臣、御所見をお伺いします。",,https://kokkai.ndl.go.jp/txt/121905124X00220251121/36
文部科学委員会,阿部司,"○阿部（司）委員　ありがとうございます。
　人口減少など社会情勢の変化も踏まえながら規模の適正化をしていくという御答弁をいただきました。
　問題は、この適正化を具体的にどのように進めていくのかという点にあると思います。現在、私立大学の五割超が定員割れとなりまして、特に地方の私立文系大学の経営難が深刻化しております。一方で、日本の大学の世界ランキングは凋落し続けておりまして、国際競争力の低下も懸念されております。
　この二つの課題は、実は根っこでつながっているのではないかと思います。我が国の大学生の多くが文系学部に在籍をしておりまして、理系人材の育成が十分に進んでいないという構造的な問題だと思います。私も私立文系なので棚に上げて言いますけれども。ＡＩですとか半導体、バイオテクノロジーといった成長分野で国際競争を勝ち抜いていくためには、理系人材の大幅な増強が必要かと思います。
　そこで伺います。
　文科省として、既存の文系学部の理系転換を支援する具体的な施策をお持ちでしょうか。また、そうした転換を促進するための予算措置、規制緩和についてどのようにお考えか、お答えをお願い申し上げます。",,https://kokkai.ndl.go.jp/txt/121905124X00220251121/42
デジタル社会の形成及び人工知能の活用等に関する特別委員会,松本尚,"○国務大臣（松本尚君）　デジタル大臣、デジタル行財政改革担当大臣として、一言御挨拶を申し上げます。
　誰一人取り残されない、人に優しいデジタル社会の実現に向け、国民の皆様にデジタル化の恩恵を感じていただけるよう取り組んでまいります。
　安全で便利なデジタル社会の基盤となるマイナンバーカードについては、カードを保有するメリットを多くの人に実際に感じていただけるよう、行政を始め民間も含めた利用シーンの拡大、スマートフォンへのマイナンバーカード機能の搭載や利用の拡大、マイナポータルの利便性向上などの取組や、周知、広報を進めてまいります。
　マイナ保険証を基本とする仕組みへの円滑な移行とともに、マイナ保険証利用時の電子カルテ情報の共有を進めるために、標準型電子カルテの開発と民間電子カルテの標準仕様作成に取り組みます。また、医療現場や国民の皆様が利便性を早期に実感できるよう、マイナ保険証と公費負担医療の受給者証の一体化を推進するなど、医療ＤＸに関係省庁と連携して取り組んでまいります。
　防災ＤＸについては、令和六年能登半島地震での経験を踏まえ、本年八月に災害派遣デジタル支援チーム、通称Ｄ―ＣＥＲＴを創設しました。今後、被災都道府県の災害対応をデジタル面から支援してまいります。また、防災システム、アプリ間でのデータ連携やマイナンバーカードの活用促進等、災害時における支援のための取組を推進してまいります。
　事業者向け行政手続については、事業者が円滑に手続を行えるよう支援するＧビズポータルの整備を進めるとともに、認証機能のＧビズＩＤや、行政機関への電子申請窓口であるｅ―Ｇｏｖ、補助金の申請システムであるＪグランツ等を活用したデジタル化を加速させます。
　地方公共団体の基幹業務システムについて、原則として今年度末までに標準準拠システムへ円滑かつ安全に移行できるよう支援するとともに、特定移行支援システムがある地方公共団体に対しても丁寧に支援してまいります。また、移行後の運用経費の増加に対し、本年六月に決定した総合的な対策に基づき、運用経費の抑制、適正化に取り組むとともに、事業の意義、所期の効果が発揮されるまでの間、国と地方公共団体が引き続き協力して取り組むよう、必要な措置を検討してまいります。
　労働力不足が進む我が国において、行政サービスの維持や質の向上を図るためには、行政機関において積極的にＡＩを利活用していくことが重要です。デジタル庁では、関係省庁と協力して、行政機関職員向けにＡＩを安全、安心に利用できる環境の提供や政府保有データの整備など、ガバメントＡＩの構築を進めてまいります。ＡＩの政府調達・利活用に係るガイドラインに基づき、効果的、安全な生成ＡＩ導入を支援するとともに、生成ＡＩの利用の拡大、充実に向けた検討を進めてまいります。
　信頼できるＡＩの開発や利用には、信頼性のある自由なデータ流通、すなわちＤＦＦＴの推進は不可欠であり、国内外における取組を進めるとともに、我が国が主導して創設したＯＥＣＤ内の枠組みの下で、リーダーシップを発揮してまいります。
　急速な人口減少社会の中、デジタルを最大限に活用して、利用者起点で我が国の行財政の在り方を見直し、公共サービス等の強靱化、高度化等を図るデジタル行財政改革に引き続き取り組みます。
　デジタル行財政改革取りまとめ二〇二五に基づき、医療、介護、教育、交通等の各分野で、現場負担の軽減やサービスの質の向上につながるデジタル実装を着実に進めるとともに、国・地方デジタル共通基盤の整備・運用に関する基本方針に基づき、システム共通化の取組を進めます。
　加えて、本年六月に決定されたデータ利活用制度の在り方に関する基本方針に基づき、ＡＩ活用にも資する円滑なデータ連携を促進するための制度について、保護と利活用のバランスも考慮しながら検討を進めてまいります。
　松下委員長を始め、理事、委員各位の御理解と御協力をお願い申し上げます。",,https://kokkai.ndl.go.jp/txt/121915385X00220251121/5
デジタル社会の形成及び人工知能の活用等に関する特別委員会,小野田紀美,"○国務大臣（小野田紀美君）　クールジャパン戦略、知的財産戦略、科学技術政策、宇宙政策、人工知能戦略を担当する内閣府特命担当大臣として、一言御挨拶を申し上げます。
　科学技術、イノベーションは、強い経済の基盤であり、国力の源泉です。来年度から開始となる第七期科学技術・イノベーション基本計画の策定に向けて、国家安全保障の観点も踏まえ、科学の再興を実現するための方策や、重要技術領域の特定と産業化に向けた一気通貫支援などの検討を進め、我が国が新技術立国となることを目指します。また、統合イノベーション戦略二〇二五を踏まえた取組を推進いたします。
　特に、ＡＩ、量子、フュージョン、バイオ、マテリアルなどの分野における戦略の推進、戦略的イノベーション創造プログラム、ムーンショット型研究開発制度、経済安全保障重要技術育成プログラムなどの戦略的な研究開発、国際卓越研究大学への支援、地域中核大学などの振興、日本版ＳＢＩＲ制度の推進、スタートアップエコシステム拠点の形成、グローバル・スタートアップ・キャンパス構想などの重点施策を推進いたします。科学技術外交を進めつつ、Ｊ―ＲＩＳＥイニシアチブやオープンサイエンスを推進するとともに、研究セキュリティー・インテグリティーに関する対応にも積極的に取り組んでまいります。
　また、安全性の確保が大前提という方針の下、原子力利用に関する基本的考え方に基づく原子力政策を推進してまいります。
　さらに、世界でＡＩの開発競争が激化する中、世界で最もＡＩを開発、活用しやすい国を目指し、人工知能基本計画を年内を目途に策定するとともに、必要な支援策や制度的対応を講じてまいります。
　宇宙分野は、外交、防衛、経済、科学技術など、様々な分野につながる総合的な国力の源泉とも言える分野です。宇宙をめぐる国際競争が年々熾烈になっていく中、我が国としても世界の動きに後れを取らないように、関係省庁の先頭に立って、宇宙基本計画や宇宙安全保障構想、宇宙技術戦略を着実に実行してまいります。
　まずは、宇宙戦略基金等を活用し、民間企業や大学等による技術開発や実証、商業化への支援を拡充いたします。また、二〇三〇年代前半に我が国から三十件程度のロケット打ち上げ数を確保することを目指し、官民によるロケット開発や打ち上げの高頻度化への支援、審査体制の強化や宇宙活動法改正の検討を含む制度環境の整備に取り組みます。
　今年度中に「みちびき」五号機及び七号機の打ち上げを予定しております。準天頂衛星システムの七機体制を着実に整備するとともに、十一機体制に向けた開発を進めます。
　さらに、災害時にも活用できる衛星コンステレーションの構築、衛星データの利用拡大、アルテミス計画における日本人宇宙飛行士の月面着陸の実現と有人与圧ローバー開発の本格化、デブリ対策など国際ルールの整備などの取組を推進してまいります。
　知的財産戦略については、イノベーションを活性化し、国際競争力を強化するため、知的財産推進計画及び新たな国際標準戦略に基づく施策を着実に実行するとともに、我が国の基幹産業であるコンテンツ産業の人材育成や海外展開、知的財産の保護などを支援するなど、新たなクールジャパン戦略を踏まえた取組を関係省庁とともに推進してまいります。
　健康、医療については、新たな第三期健康・医療戦略に沿って、出口志向の研究開発マネジメントの強化、創薬力強化や感染症危機対応、医療データの利活用の推進を行い、医薬品や医療機器等の研究開発の成果が国民の皆様にいち早く届くよう取り組んでまいります。
　このほか、遺棄化学兵器処理を推進してまいります。
　松下委員長を始め、理事、委員の皆様の御協力と御指導を賜りますように、よろしくお願いいたします。",,https://kokkai.ndl.go.jp/txt/121915385X00220251121/7
憲法審査会,武正公一,"○武正会長　お答えいたします。
　御指摘のように、関連する技術の進歩は急速であり、どこも対応に苦慮している様子でございました。
　そこで、欧州の当局においては、より根本的な対応策として、偽情報を流されても動じないような社会をつくろうとしておりました。この点に関連しては、メディア関係者の相互交流を通じたスキルアップなどの機会の提供や、社会全体のメディアリテラシーを高めるような施策等を実施しているとの説明がありました。
　また、今朝、新聞の方でも報じられておりますが、ＥＵのＡＩ法一部延期案というのは、やはり、アメリカとの関係、プラットフォーム事業者などとの関係など、そういった状況も鑑みながらの対応かというふうに感じております。
　以上です。",,https://kokkai.ndl.go.jp/txt/121904183X00220251120/10
総務委員会,福田玄,"○福田（玄）委員　国民民主党の福田玄でございます。
　大臣始め政務三役の皆様におかれましては、御就任おめでとうございます。
　私、選挙区が衆議院広島二区でございまして、安芸の宮島を中心として、林大臣、お隣、山口県は隣接でございますし、亡くなりました私の祖母は、広島の祖母ですが、実は山陽小野田市の出身ということで、地縁、血縁が近い大臣に是非真摯な御答弁をいただければと思いますので、よろしくお願いを申し上げます。
　早速質問に入らせていただきます。
　デジタル、ＡＩの活用による自治体運営についてお伺いをしたいと思います。
　先ほどの庄子委員の御質問の中にもありましたが、まさに人手不足でございます。
　平成三十年の自治体戦略二〇四〇構想第二次報告では、今の自治体の職員、この半分の職員数でも機能が発揮されるスマート自治体を目指すべきという提言がなされました。現場からは、民間企業との競争により職員採用が困難との声が上がっております。つまり、意図的な削減ではなく、望まない欠員状態が起こっているという現状だと思いますが、報告書では、ＡＩ、ロボティクスなど破壊的技術を徹底的に使いこなすと記されておりますが、二〇一八年から七年が経過した今、これらの技術による効率化はどの程度実現できているのでしょうか。民間企業でも劇的な効率化が進んでいるとは言い難い状況です。
　しかし、既に人口減少と地方経済の縮小はもう始まっておるわけであります。
　自治体業務をどこまで効率化できるのか、その結果、どの程度の人員で運営可能なのか、むやみな人員削減を前提とすることなく、真摯に検証するべき時期に来ているのではないでしょうか。
　どの程度の人的、資金的リソースで自治体運営が可能なのかを明確にしなければ、今後の自治体の在り方を適切に議論することはできないと思いますが、政府のお考え、お聞かせください。",,https://kokkai.ndl.go.jp/txt/121904601X00220251120/132
経済産業委員会,加藤明良,"○加藤明良君　ありがとうございました。
　特にサプライチェーンの皆様方、大変不安になっているところはあると思いますが、是非とも多面的な支援によりこのピンチをチャンスに変えられるような、そのような支援をまた経済産業省としてもリーダーシップを発揮していただきたいと思いますので、よろしくお願いいたします。
　今回の相互関税合意におきましては、我が国は五千五百億ドル規模の戦略的対米投資を条件としまして、経済安全保障上重要な分野でアメリカ国内にサプライチェーンを構築するというような方向性を示していると思います。この投資は、単なる外交上の譲歩ではなく、対米投資を通じて日本の国益を最大限に引き出す、そのような契機とすべきと考えております。
　半導体、次世代電池、ＡＩ、量子、バイオ、ＥＶの素材など、様々な日本が強みを持つ領域を米国の供給網と結び付けるということで、市場アクセスの確保、調達リスクの分散、そして技術優位の確立につながりますよう、まさに相互関税交渉のピンチを経済安全保障、そして産業競争力強化というチャンスに転換していく取組を是非お願いしたいと思っております。
　ディールの当事者であり、経済産業大臣として、今回の対米投資が経済安全保障上国益の最大化に資するものとなるため戦略的に推進していく必要につきまして、どのような方針で具体化をされるのか、大臣の所見を伺います。",,https://kokkai.ndl.go.jp/txt/121914080X00220251120/8
経済産業委員会,赤澤亮正,"○国務大臣（赤澤亮正君）　危機管理投資は、委員御指摘のとおり、高市内閣の成長戦略の肝でございます。いろんな分野御指摘いただきましたが、重要な戦略分野であるＡＩ・半導体あるいは量子、バイオなどを中心に、大胆な設備投資や研究開発の促進などを通じて、官民の積極的な投資を引き出してまいりたいと考えてございます。
　こうした分野における民間投資は、思い切った内容であればあるほど投資決定に向けてのハードルが高まります。また、単年度ではなく中長期の計画に基づいて実施されることが想定をされるため、企業の投資の予見可能性を向上させることがポイントとなります。そうした背景から、総理からも言及があり、委員の御指摘もございましたが、複数年度にわたる予算措置のコミットメントとしてＡＩ・半導体分野のようなフレームを他の戦略分野に広げていくことや大胆な税制など、政策のベストミックスを見付けて実行していきたいと考えております。
　こうした取組を通じて日本経済の供給力を強化をし、日本企業の稼ぐ力を高め、物価上昇を上回る賃上げにつなげ、強い経済、これを実現してまいりたいというふうに考えております。",,https://kokkai.ndl.go.jp/txt/121914080X00220251120/11
